rank,world_size,backend,device,size_mb,warmup_steps,measure_steps,mean_seconds,std_seconds,min_seconds,max_seconds
0,2,gloo,cpu,1,1,2,0.0010067920011351816,2.8578423843092703e-05,0.0009865840038401075,0.0010269999984302558
1,2,gloo,cpu,1,1,2,0.000947770502534695,5.512534077663809e-05,0.0009087910002563149,0.000986750004813075
